avatar,name,account_id,posts,likes,reposts,comments_and_replies,reach,impressions,views
,atreyuofficial,624f096ce6836be5070b10f7,14,9751,0,511,88782,137476,122604
,Michael Eckstein,5bd937dda098a100067703a8,12,568,7,84,308,0,18534
https://buffer-account-avatars-bucket.s3.amazonaws.com/6807a68bca88be80a98f20a6/uploads/1748130482314/0ab43e70-70fe-472f-8c72-f53b49249f42.png,Sabreen Haziq,6807a68bca88be80a98f20a6,11,567,0,104,0,0,350
,Maggie Glascott,66f31838bf7d066587ef9db4,3,543,11,312,0,0,27943
https://www.gravatar.com/avatar/4b97c6fd1a5e13d194c563cb3d7a8b6f?d=https%3A%2F%2Fs3.amazonaws.com%2Fbuffer-ui%2FDefault%2BAvatar.png,Kelly,5bc9d15e75bd1a00073e5fc8,24,187,0,73,299,0,1699
https://buffer-account-avatars-bucket.s3.amazonaws.com/645912dce54e57cc9305b3fd%2Fuploads%2F1738115638183%2FllUN2-caR0t3-DjZms15S-IMG_2046.jpeg,Brandon Green,645912daf924a7c53bf40cef,23,176,16,44,0,19,3716
https://buffer-account-avatars-bucket.s3.amazonaws.com/4f65cb5f512f7e193f00008e%2Fuploads%2F1736807347958%2FZnZEAE4k9-qLDmhJpA9oH-joel-large.png,Joel Gascoigne,5ca1d32d69ec79395e784f29,5,123,3,12,2882,0,1348
https://buffer-media-uploads.s3.amazonaws.com/61dbcb743bd4f630eef6d012/uploads/1741882286140/IMG-429b.jpg,Simon,61dbcb743bd4f630eef6d012,11,117,0,36,0,0,0
,Maya,5c6426e5f4726272a17f95d3,9,113,0,3,2889,0,3375
https://buffer-account-avatars-bucket.s3.amazonaws.com/5bdcb1018e9f4900068b1dad/uploads/1747073401007/4721851f-8e45-4161-97fd-59f6e28c7231.png,Hailley Mari,5bdcb1018e9f4900068b1dad,7,110,0,40,0,0,510
https://buffer-account-avatars-bucket.s3.amazonaws.com/621619b3d4670560554412e2%2Fuploads%2F1738581884710%2F3oCCmHZoy8UplolmJWVGe-IMG_5192.JPG,Tami Oladipo,621619b1a21d6fa9491086ac,2,107,0,13,0,0,0
,Martin Garcia,5ca1d41e905a7a394986a738,13,92,2,28,1070,0,559
https://buffer-account-avatars-bucket.s3.amazonaws.com/55f7a23bfef4bf1429c9d742%2Fuploads%2F1738199728385%2FCT78qEqs41wwtc5WVjLYY-Mel%2520only.jpeg,Mel,5ca1d7777ace10391ae9361f,26,81,2,14,807,0,1378
,suzannekelly2,664b9302790e6ab9db78b362,2,79,0,59,0,0,0
https://buffer-account-avatars-bucket.s3.amazonaws.com/4eed3423512f7e7e73000004%2Fuploads%2F1741706319472%2FAU8PTmcjis9oEG1QOsQkt-IMG_5061.jpeg,Carolyn Kopprasch,5c374d835542492009f39d01,4,74,0,14,0,0,0
https://buffer-account-avatars-bucket.s3.amazonaws.com/64da75a8bb6ade26976f548a/uploads/1746615155594/414b3830-cdda-4ca3-81ca-9611aacd8668.png,Kirsti Lang,64da75a8bb6ade26976f548a,4,52,0,30,0,0,695
,Joe Birch,5c374dd85542492009f40f63,5,44,0,1,390,0,59
https://www.gravatar.com/avatar/0e90ae5b47f237434733b4ba6ade8dd3?d=https%3A%2F%2Fs3.amazonaws.com%2Fbuffer-ui%2FDefault%2BAvatar.png,lexicola,6148ddfed1c26944e5365131,2,42,3,3,865,0,0
,Rafał Leszczyński,648789e4946cabe4c1d7009a,15,34,0,0,0,0,0
,Julian Winternheimer,5c374d835542492009f39d32,8,33,1,7,109,0,350
https://buffer-account-avatars-bucket.s3.amazonaws.com/60487d1482def759036ff953%2Fuploads%2F1736833772362%2F83LCwS_ElTMEaV3zQp8-j-edu.jpg,Eduardo at Buffer,60487d146cb9032bba4d14b9,18,30,0,1,547,2014,731
https://www.gravatar.com/avatar/d341d847f16257425ebd3a39ac25381d?d=identicon,shesharp.co,5f1f00e8b73dcc2f63797106,30,28,0,9,352,30,45
https://buffer-account-avatars-bucket.s3.amazonaws.com/5ca1d91569ec79395e8517be/uploads/1746620838172/d531edcc-b4ba-4490-b445-f2ba94f6365a.jpg,Farmer Adam,5ca1d91569ec79395e8517be,15,26,0,4,135,0,336
https://buffer-account-avatars-bucket.s3.amazonaws.com/61b5880de5e21461bdd03eb6/uploads/1746605117950/6578dea4-21d5-4422-9d3a-df0a999d844e.png,Ben Maxwell,61b5880de5e21461bdd03eb6,4,26,0,7,0,0,0
,Jenna Meindertsma,62879a59e797c6f1be3d941e,1,19,0,0,0,0,0
https://buffer-account-avatars-bucket.s3.amazonaws.com/5bca17f2445bc900079985cc/uploads/1746561015009/fbf40efc-c550-4baf-a0a0-a2d2986a3c2d.jpg,Ross Parmly,5bca17f2445bc900079985cc,2,17,0,4,0,0,426
,Miguel San Román,5c1bd9f1da253810783f174a,2,16,0,3,0,0,45
https://buffer-account-avatars-bucket.s3.amazonaws.com/5c374dbc5542492009f3eb54/uploads/1747831747849/5c8b2d87-3d16-4613-9532-9c78a5e9c9f7.png,Jenny Terry,5c374dbc5542492009f3eb54,1,15,0,0,0,0,0
https://buffer-account-avatars-bucket.s3.amazonaws.com/000000000000000000022631%2Fuploads%2F1736848861298%2FlabwNIEXFY8YFFNcZfjcQ-Juliet%2520headshot%25202000px.jpg,Juliet Chen,5bcda2259693e300087a3913,14,11,0,0,8,0,78
,Cheryl ,6021472e9f6d6065afa88578,22,10,0,6,1,0,198
,Darcy,5bc9c3267bbbb70007d7734d,8,9,1,6,43,0,37
https://buffer-account-avatars-bucket.s3.amazonaws.com/000000000000000000000196%2Fuploads%2F1736809471624%2FmNG6ZHfRqf3VL_aVG9Uwf-fe7hm2ounpuu2qfe5akj.jpeg,Andrew,5ca1d20269ec79395e763762,14,8,0,4,377,3,49
https://buffer-account-avatars-bucket.s3.amazonaws.com/5bca413fa098a100067702a5/uploads/1746543656452/39e79b89-4cd8-40fb-831c-a8a406b5de90.png,Pineapples rock,5bca413fa098a100067702a5,7,6,0,0,0,0,70
,Eric,5ca1d9ac69ec79395e874c56,14,6,0,4,755,0,230
,Adnan Issadeen,5ca1d6f5fd16da39824b560e,5,5,0,2,0,0,276
,riftgatetrading,626a09140c7dc67219132e21,3,4,0,0,26,0,35
,Diego Sanchez,5c38e10d4c2e79845a751440,5,3,0,11,0,0,549
,mw2493,60c1ba9c04e7d03e4038a7c6,2,2,0,0,0,0,11
https://buffer-media-uploads.s3.amazonaws.com/613a06db997ec06e3a03c5cf/uploads/1742460387139/a53b1ee7-bbac-432e-a18b-e6f1c1ee84c8.jpg,Hello test of user names,613a06db997ec06e3a03c5cf,15,2,0,11,0,0,71
https://buffer-account-avatars-bucket.s3.amazonaws.com/660ae0c280167a925909257b%2Fuploads%2F1739781269211%2Fb6bYx1NDsnhrYV3y4cUEE-Screenshot%25202025-02-13%2520at%252015.04.33.png,Tom Marketing Agency,660ae0c1e0c26f680ca147d6,62,2,0,0,0,0,0
https://buffer-account-avatars-bucket.s3.amazonaws.com/5ca1d95469ec79395e85e4aa/uploads/1744157115802/31886b2d-2869-4a18-a53f-874d6ded061e.jpg,Julia,5ca1d95469ec79395e85e4aa,4,0,0,0,0,0,0
https://buffer-account-avatars-bucket.s3.amazonaws.com/64b6b49eaffcb835fa039826%2Fuploads%2F1736851467272%2Fn_zA--o7Uo3vPix66SUCi-IMG_7664.jpg,Kateryna,64b6b49e25aaa1bc35091177,1,0,0,0,0,0,2
,Daniel Siemaszkiewicz,5de69f6a1aa7cdd2326cb490,3,0,0,1,1,0,1
,Martín GM,65779ad92d96f1b5a44f52f2,10,0,0,0,1,0,0
https://buffer-account-avatars-bucket.s3.amazonaws.com/60b8a7b2620dc729b19604f9/uploads/1744907734481/8d374bac-21e0-4b35-9309-b2f991a07409.png,Algo Boys,60b8a7b2620dc729b19604f9,3,0,0,0,0,0,0
https://www.gravatar.com/avatar/19d2e01e5cba33f40ee5fb09f90be21a?d=identicon,Jacob Chadwell,62b370383b9a2577fb0d8f7a,1,0,0,0,0,0,0
,José Manuel,5ca1d39a69ec79395e79195f,1,0,0,0,0,0,0
https://www.gravatar.com/avatar/9c7f58f2dcdee7d289cb92972912dad2?d=identicon,Dace,5da8a355d4363a307201559f,2,0,0,0,0,0,0
,Åsa Nyström,5bcf03059693e300087a394b,1,0,0,0,0,0,0
https://buffer-account-avatars-bucket.s3.amazonaws.com/61024c4289704e79586ece7a/uploads/1743560404635/3253ef58-5567-4b68-bb53-fe6190586628.jpg,Daisy Smith,61024c4289704e79586ece7a,4,0,0,1,0,2,61
https://buffer-account-avatars-bucket.s3.amazonaws.com/55a3a7bd5b21afec65aadb70%2Fuploads%2F1738228998712%2F4nQ4FRonQ1R53zzf0_IVU-IMG_4276.JPG,Hannah Voice,5c374dd15542492009f4061c,1,0,0,0,0,0,0
https://buffer-account-avatars-bucket.s3.amazonaws.com/60dd6c5eb3293839e24bc5a4%2Fuploads%2F1739257457410%2FK0JeR0jtq0b6v6hzWHJjw-image-jpg.jpg,sofia toso,60dd6c5da74491f27e765142,5,0,0,0,0,0,0
https://buffer-account-avatars-bucket.s3.amazonaws.com/623372068e4c2acf3c0eac31/uploads/1747949760780/55290b31-e525-47d9-a462-44beedc3598c.jpeg,Martin Konrad Gloeckle,623372068e4c2acf3c0eac31,1,0,0,0,0,0,0
,Apollin.com by Arek Panek,60b8a79a43b75659131da227,1,0,0,0,0,0,0
https://buffer-account-avatars-bucket.s3.amazonaws.com/63c9ad57dd3a5a1d3f01a664%2Fuploads%2F1736849202933%2FA-YfBWjo_IJYv1q068c2E-pizza.jpeg,Buffer Test,63c9ad57d39b927a5bb2ca5a,2,0,0,0,0,0,0