,Title,Outlet,Writer,Type,Reach ,Year Reach Captured,Sentiment,Category ,Topic,URL 
,,,,,"677,735",,,,,
January ,,,,,0,,,,,
29-Jan-2025,I spent 30 Dayuus Testing AI Social Media Tools (7 Clear Winners for 2025),Techpoint Africa,Ifeoma Joy Okorie,Online,-,,,,,https://techpoint.africa/2025/01/29/best-ai-tools-for-social-media/
February,,,,,"4,345",,,,,
5-Feb-2025,Research Suggests Threads Is Driving More Engagement Than X,Social Media Today ,Andrew Hutchinson,Online,"4,345",2020,,,,https://www.socialmediatoday.com/news/data-shows-threads-more-engagement-than-x-formerly-twitter/739349/
11-Feb-2025,10+ Best AI Tools for Social Media Management in 2025,Trending US,Parul K,Online,-,,,,,https://www.trendingus.com/best-ai-tools-for-social-media/
11-Feb-2025,Designing a Scalable Social Media Scheduling App,Technical Foundations for Product Managers,Colin Matthews,Online,-,,,,,https://blog.techforproduct.com/p/designing-a-scalable-social-media?utm_campaign=post&utm_medium=web
16-Feb-2025,How to Grow on LinkedIn: 6 Growth Tools in 2025,NERDBOT,Nerd Voices,Online,-,,,,,https://nerdbot.com/2025/02/16/how-to-grow-on-linkedin-6-growth-tools-in-2025/
18-Feb-2025,Why I'm Betting My Entire Business on AI (And How You Can Too),Artemis IX,Artemis IX,Online,-,,,,,https://artemisix.substack.com/p/why-im-betting-my-entire-business?utm_campaign=post&utm_medium=web
18-Feb-2025,From 0 to 100 Subscribers: The Exact AI Tool I'm Using,Artemis IX,Artemis IX,Online,-,,,,,https://artemisix.substack.com/p/from-0-to-100-subscribers-the-exact?utm_campaign=post&utm_medium=web
19-Feb-2025,6 best social media marketing tools in 2025,cybernews,Mirza Silajdzic,Online,-,,,,,https://cybernews.com/marketing-tools/best-social-media-marketing-tools/
19-Feb-2025,5 powerful tools to automate your social media and boost engagement,geeksided,Ed Malaker,Online,-,,,,,https://geeksided.com/5-powerful-tools-to-automate-your-social-media-and-boost-engagement
27-Feb-2025,Which Companies Have Embraced the 4-Day Work Week?,HR Daily Advisor,Lin Grensing-Pophal,Online,-,,,,,https://hrdailyadvisor.blr.com/2025/02/27/which-companies-have-embraced-the-4-day-work-week/
March,,,,,"10,845",,,,,
11-Mar-2025,12 Marketing Tools for Small Businesses,Taboola,Alexandra Frost,Online,-,,,,,https://www.taboola.com/marketing-hub/marketing-tools-smb/
14-Mar-2025,Free tools every Instagram creator should use,10DATACONOMY,Editorial Team,Online,-,,,,,https://dataconomy.com/2025/03/14/free-tools-every-instagram-creator-should-use/
17-Mar-2025,Data Shows that Longer Clips Are Now Gaining Traction on TikTok,SocialMediaToday,Andrew Hutchinson,Online,"4,345",2020,,,,https://www.socialmediatoday.com/news/research-tiktok-longer-videos-get-more-reach/742754/
20-Mar-2025,#SHOWBIZ: TikTok's ultra-short videos no longer the biggest dray on the platform,NewStraitsTimes,Etx Daily Up,Online,-,,,,,https://www.nst.com.my/lifestyle/groove/2025/03/1191141/showbiz-tiktoks-ultra-short-videos-no-longer-biggest-draw-platform
27-Mar-2025,7 best AI social media tools for 2025 - 30 days of testing & results,Techpoint.africa,Fredrick Eghosa,Online,-,,,,,https://techpoint.africa/guide/best-ai-social-media-tools-2025/
28-Mar-2025,10 social media posting tools to steamline your strategy in 2025,SproutSocial,Nader Nekvasil,Online,-,,,,,https://sproutsocial.com/insights/social-media-posting-tools/
30-Mar-2025,Top 10 AI Tools for Business in 2025: Boost Productivity and Efficiency,Analytics Insight,Simran Mishra,Online,"6,500",2024,,,,https://www.analyticsinsight.net/artificial-intelligence/top-10-ai-tools-for-business-in-2025-boost-productivity-and-efficiency
April,,,,,"14,000",,,,,
3-Apri-2025,13 Best Twitter Automation Tools for 2025,Analytics Insight,Samradni,Online,"6,500",2024,,,,https://www.analyticsinsight.net/tech-news/13-best-twitter-automation-tools-for-2025
5-Apr-2025,Reliable Automation Tools For Your Small Business,Leadership,Leadership News,Online,-,,,,,https://leadership.ng/reliable-automation-tools-for-your-small-business/
9-Apr-2025,Top Instagram Scheduling & Posting Tools You Need in 2025,Analytics Insight,Anurag Reddy,Online,"6,500",2024,,,,https://www.analyticsinsight.net/tech-news/top-instagram-scheduling-posting-tools-you-need-in-2025
10-Apr-2025,From LinkedIn’s Engagement Surge to X’s Plunge: Unseen Shifts in Social Media Engagement,Digital Information World,Arooj Ahmed,Online,-,,,,,https://www.digitalinformationworld.com/2025/04/from-linkedins-engagement-surge-to-xs.html
23-Apr-2025,Best Hootsuite Alternatives in 2025 (Cheaper + More Powerful),Exploding Topics,Emily Gertenbach,Online,-,,,,,https://explodingtopics.com/blog/hootsuite-alternatives
23-Apr-2025,A New Take On Thought Leadership: The Power of Community Engagement,PR NEWS,John McCartney,Online,"1,000",2019,,,,https://www.prnewsonline.com/a-new-take-on-thought-leadership-the-power-of-community-engagement/
29-Apr-2025,How to Write Interesting Posts On Each Social Media Platform,SPACELAB,Unknown,Online,-,,,,,https://www.thespacelab.tv/Guides/How-To-Write-Interesting-Posts-On-Each-Social-Media-Platform.html
May,,,,,"615,000",,,,,
3-May-2025,Reels are winning: Instagram’s Adam Mosseri says video drives more reach and engagement,Fortune India,Vidhi Taparia,Online,-,,,,,https://www.fortuneindia.com/business-news/reels-are-winning-instagrams-adam-mosseri-says-video-drives-more-reach-and-engagement/122689
6-May-2025,Buffer Alternatives for 2025: 4 Top Social Media Tools,Exploding Topics,Sherrie Gossett,Online,-,,,,,https://explodingtopics.com/blog/buffer-alternatives
6-May-2025,Sprout Social Alternatives for Small Business & Agency Teams (2025),Exploding Topics,Sherrie Gossett,Online,-,,,,,https://explodingtopics.com/blog/sprout-social-alternatives
15-May-2025,Why Some Companies Hire Top Job Candidates for 1 Day,Inc.,Emily McCrary-Ruiz-Esparaza,Online,"615,000",2022,,,,https://www.inc.com/emilymccraryruizesparza/why-some-companies-hire-top-job-candidates-for-1-day/91186453
20-May-2025,Metricool vs Buffer: Which Social Media Tool Is Right for You in 2025?,TechBullion,Luke,Online,-,,,,,https://techbullion.com/metricool-vs-buffer-which-social-media-tool-is-right-for-you-in-2025/
23-May-2025,"Social Media Is Not Just Tiktok And Vibes Anymore. Here’s What Actually Works On Instagram, Youtube, Linkedin, And More In 2025",SpaceLab,Unknown,Online,-,,,,,https://www.thespacelab.tv/Content/2025/05-May/Social-Media-Report-002.html
29-May-2025,Exploring Dash Social alternatives: 12 Tools to enhance your experience,Sproutsocial,Lauren Keudell,Online,-,,,,,https://sproutsocial.com/insights/dash-social-alternatives/
June,,,,,"29,200",,,,,
8-Jun-2025,Why you need a personal brand in a crowded job market,Fast Company,Anna Burgess Yang,Online,"29,200",2024,,,,https://www.fastcompany.com/91340885/personal-brand-crowded-job-market
July,,,,,,,,,,
August,,,,,"4,345",,,,,
28-Aug-2015,New Insights Suggest Posting Frequency Is Key to LinkedIn Success,Social Media Today,Andrew Hutchinson,Online,"4,345",2020,,,,https://www.socialmediatoday.com/news/report-shows-posting-frequency-key-to-linkedin-success/758918/
September,,,,,0,,,,,
,,,,,,,,,,
,,,,,,,,,,
,,,,,,,,,,
,,,,,,,,,,
,,,,,,,,,,
,,,,,,,,,,
October,,,,,0,,,,,
,,,,,,,,,,
,,,,,,,,,,
,,,,,,,,,,
,,,,,,,,,,
,,,,,,,,,,
,,,,,,,,,,
,,,,,,,,,,
,,,,,,,,,,
November,,,,,0,,,,,
,,,,,,,,,,
,,,,,,,,,,
,,,,,,,,,,
,,,,,,,,,,
,,,,,,,,,,
,,,,,,,,,,
,,,,,,,,,,
,,,,,,,,,,
,,,,,,,,,,
December,,,,,0,,,,,